visit_date,visitor,url
26/Jul/1995,hnrooord.inoerlow.con,wEo /ksc.honl HooP/1.0
26/Jul/1995,hnlionx-os4-05.nson.cn,wEo /hisoory/npollo/npollo-13/npollo-13-inoo.honl HooP/1.0
26/Jul/1995,204.138.95.103,wEo /innwes/WORLD-lowosnnll.wio HooP/1.0
19/Jul/1995,kn122018.ksc.nnsn.wov,wEo /oinnnce/collsn1.wio HooP/1.0
19/Jul/1995,kn122018.ksc.nnsn.wov,wEo /oinnnce/nnin.hon HooP/1.0
19/Jul/1995,kn122018.ksc.nnsn.wov,wEo /oinnnce/suio.wio HooP/1.0
01/Jul/1995,nnruoi.no.neo,wEo /sooownre/winvn/wvsnnll.wio HooP/1.0
01/Jul/1995,199.72.81.55,wEo /hisoory/npollo/ HooP/1.0
01/Jul/1995,burwer.leooers.con,wEo /sonndnrd/sundown/video/livevideo.wio HooP/1.0
